{
  "meta_title": "",
  "meta_description": "",
  "sections": [
    {
      "type": "banner-slider",
      "autoplay": 9000,
      "full_width": true,
      "slides": [
        {
          "start": "",
          "end": "",
          "img": "/img/uploads/banner-novo-site.png",
          "link": "https://www.isabelacollection.com.br/"
        },
        {
          "start": "",
          "end": "",
          "img": "/img/uploads/banner-malinha.png",
          "link": "https://isabelacollection.netlify.app/pages/malinha-collection"
        }
      ]
    },
    {
      "type": "info-bar",
      "enabled": true
    },
    {
      "type": "collection-shelf",
      "shuffle": true,
      "collection_id": "61e96c650c7c72722518bb55:categories:Todos os Produtos:/todos-os-produtos",
      "sort": null,
      "title": "",
      "headless": false,
      "limit": 15,
      "page": 1
    },
    {
      "type": "collection-shelf",
      "shuffle": true,
      "limit": 15,
      "page": 1,
      "collection_id": "61e1dafd0c7c7272250ab45f:categories:MegaLiquida:/ofertas",
      "sort": "lowest_price"
    },
    {
      "type": "collection-shelf",
      "shuffle": true,
      "limit": 12,
      "page": 1,
      "collection_id": "61e197780c7c72722509c737:categories:Blusas:/roupas"
    }
  ]
}